codigo_ibge;município;mapasan;participou;uf;regiao;porte_sisan;porte_ibge;mais200milhab;capital;sisan;data_adesao;ano_adesao;mes_ano_adesao;codigo_sequencia;v9165;v9166;v9167;v9168;v9169;v9170;v9171;v9172;v9173;v9174;v14322_1;v14322_2;v14322_3;v14322_4;v14322_98;v14322_99;v14324;v9188_1;v9188_2;v9188_3;v9188_4;v9188_98;v9188_99;v9189;v9190_1;v9190_2;v9190_3;v9190_4;v9190_5;v9190_6;v9190_7;v9190_8;v9190_98;v9190_99;v9191;v9175;v9176;v9177;v9178_1;v9178_2;v9178_3;v9178_4;v9178_5;v9178_6;v9178_7;v9178_8;v9178_9;v9178_10;v9178_98;v9179;v9180;v9181;v9182;v9185_1;v9185_2;v9185_3;v9185_4;v9185_98;v9185_99;v9186;v9187;v14320;p_latitude;p_longitude
310730;310730;2018;4033;31;3;1;4;0;0;0;;;;2303;Banco de Alimentos da Prefeitura Municipal de Bocaiuva;Rua Jose Brandao Filho, 603;Centro;39390-000;Bocaiuva;MG;(38) 99601277;socialbocaiuva@hotmail.com;nao possui;1;;1;;1;;;;;;;;;;;;;;;;;;;;;;1;1;$36.000,00;;;1;;1;;;1;;;;;;;;;;;;;;;1;1;-171160208;-438122678
431490;431490;2018;6047;43;4;5;7;1;1;1;27/nov/14;2014;01/nov/14;2120;Rede de Banco de Alimentos do RGS;Av. Francisco Silveira Bittencourt, 1928;Bairro Sarandi;91115-010;Porto Alegre;RS;(51) 30268020;bancodealimentos@bancodealimentosrs.org.br;nao sabe;1;;;;;;;;;;;;;;;;;;;;;;;;;;98;0;;;;1;;;;;;;;1;nao sabe;280;25000;180000;;1;1;;;;;0;1;-299922875;-511131266
350950;350950;2018;6047;35;3;5;7;1;0;0;;;;2003;BANCO MUNICIPAL DE ALIMENTOS CAMPINAS;Rodovia Dom Pedro I, Km 140,5-Pista Norte,;Jardim Santa Monica;13082-902;Campinas;SP;(19) 37461063;bancodealimentos@ceasacampinas.com.br;http://www.ceasacampinas.com.br/novo/Proj_Banco.asp;1;;;;;;;;;;;;;;;;;;;;;;;;;;1;1;$1.480.389,84;;;;;;1;;1;;1;;;120;32000;43000;;1;1;;;;;0;1;-2284684837774470;-4709709180450440
352940;352940;2018;6047;35;3;4;6;1;0;0;;;;2091;Banco Municipal de Alimentos de Maua;Rua Rio Branco, 808;Centro;09310-110;Maua;SP;(11) 4519 - 8556 / 4519 - 8730;banco.alimentos@maua.sp.gov.br;www.maua.sp.gov.br;1;;;;;;;;;;;;;;;;;;;;;;;;;;1;1;;;;1;1;1;;;;1;1;;;120;14000;160000;;;;1;1;;Doacoes de empresas e CEAGESP;0;;-2366883681861200;-4646006584167480
411370;411370;2018;6047;41;4;5;7;1;0;0;;;;2052;Banco de Alimentos do CEASA/PR;Av. Brasilia, 10.000;Gleba Ribeirao Lindoia;80.030 - 003;Londrina;PR;(43) 33254713;dt@ceasa.pr.gov.br  editerocha@ceasa.pr.gov.br;http://www.ceasa.pr.gov.br/modules/conteudo/conteudo.php?conteudo=13;1;;;;;;;;;;;;;;;;;;;;;;;;;;1;0;;;1;;;;1;1;;1;1;;;114;20972;50000;;;;;1;;Produtores de Londrina e regiao;0;0;-232958076;-510978368923058
420930;420930;2018;6047;42;4;3;6;0;0;1;27/nov/14;2014;01/nov/14;2077;Banco de Alimentos do Municipio de Lages;Rua Viscondi de Cairu;Centenario;88512-030;Lages;SC;(49) 32246296;bancoalimentos.sas@lages.sc.gov.br;Nao possui;1;;;;;;;;;;;;;;;;;;;;;;;;;;1;1;$100.000,00;;;;1;1;1;1;1;1;1;1;Asilos;114;8000;26249;;;;1;1;;Parceria Mesa Brasil;0;0;-2.7831030727703E+16;-5033607459081390
430510;430510;2018;6047;43;4;5;7;1;0;1;20/nov/13;2013;01/nov/13;2072;Banco de Alimentos Caxias do Sul;Rua Jacob Luchesi, 3181 Portao 2;Santa Lucia COHAB;95032-000;Caxias do Sul;RS;(54) 32115943;bancodealimentos@caxias.rs.gov.br;;1;;;1;1;;;;;;;;;;;;;;;;;;;;;;1;1;$270.982,40;;;;;;1;1;1;1;1;1;Comunidades terapeuticas e Associacao de recicladores;107;8000;700000;;1;1;1;1;;alimentos apreendidos pela vigilancia sanitaria, ponto de safra, agricultores familiares, cooperativas;0;1;-2915336238216960;-5.1214654949812304E+16
410480;410480;2018;6047;41;4;4;6;1;0;1;03/ago/16;2016;01/ago/16;2064;Banco de Alimentos CEASA PR;ROD. BR 467 km 110,6;Brasmadeira;85813-450;Cascavel;PR;(45) 33236741;;www.ceasa.pr.gov.br;1;;;;;;;;;;;;;;;;;;;;;;;;;;98;1;;;;;;;;;;;;1;;100;40000;148590;;1;;1;1;;conab;99;;-2.49297389444371E+16;-5.34493231773376E+16
317020;317020;2018;6047;31;3;5;7;1;0;0;;;;2045;Prodal Banco de Alimentos;BR 050 Km 76 - CEASA;Segismundo Pereira;38408369;Uberlandia;MG;(34) 32341277;nadir@ceasaminas.com.br;www.ceasaminas.com.br;1;;;;;;;;;;;;;;;;;;;;;;;;;;1;0;;;;;;1;1;1;;1;1;;;98;4500;90000;;;;;;;;0;0;-18919;-48277
354980;354980;2018;6047;35;3;4;6;1;0;0;;;;2097;Banco Municipal de Alimentos;Av. Feliciano Sales Cunha, nº 1801, Distrito Industrial;Distrito Industrial;15030000;Sao Jose do Rio Preto;SP;(17) 32312927;bmalimentos@riopreto.sp.gov.br;www.riopreto.sp.gov.br;1;;;;;;;;;;;;;;;;;;;;;;;;;;1;1;$244.300,00;;1;1;1;1;1;1;1;1;1;;;90;40000;80000;;1;;1;1;;Doacoes de eventos beneficentes  Producao propria.;0;1;-2.08113277143332E+16;-4.94193202257156E+16
431690;431690;2018;6047;43;4;4;6;1;0;0;;;;2057;Banco de alimentos Santa Maria RS;Rua Pantaleao, nº 356 - Centro CEP:;centro;97.015 - 000;Santa Maria;RS;(55) 3223 1690;fomezero@santamaria.rs.gov.br;nao;1;;;;;;;Nao houve construcao para o Banco de Alimentos. Esta alocado junto ao Restaurante Popular.;;;;;;;;;;;;;;;;;;;2;1;;;;1;1;;;;1;1;;;;80;35000;25000;;;;;1;;Mesa Brasil/SESC;0;1;-2.96858967830493E+16;-5380354263257980
354340;354340;2018;4032;35;3;5;7;1;0;0;;;;2314;Banco de Alimentos de Ribeirao Preto;Avenida Bandeirantes, 285;Vila Virginia;14030-670;Ribeirao Preto;SP;(16) 39413333;bancodealimentos@semas.pmrp.com.br;https://www.ribeiraopreto.sp.gov.br/scidadania/equipamentos/i27banco.php;1;;1;1;1;;;;;;;;;;;;;;;;;;;;;;1;0;;;;;;1;1;;;1;1;;;80;21000;43000;;1;;1;1;;Associacao de Produtores de Ribeirao Preto;0;1;-21178;-47.81
355710;355710;2018;2018;35;3;2;5;0;0;0;;;;2309;Banco de Alimentos Lazara Candida do Carmo Leite de Carvalho;Rua Antonio Galera Lopes, 2076;Pozzobon;15503-024;Votuporanga;SP;(17) 34232975;bancodealimentos@votuporanga.sp.gov.br;votuporanga.sp.gov.br;1;;;;;;;;;;;;;;;;;;;;;;;;;;1;1;$493.000,00;;;;;1;1;;1;1;1;;;76;15000;5000;;1;;1;;;;0;1;-2.04009149762225E+16;-4997756838798520
230370;230370;2018;6047;23;2;4;6;1;0;1;27/nov/14;2014;01/nov/14;2103;Banco de Alimentos de Caucaia;Rua Acapulco, 579;Parque Guadalajara;61650-160;Caucaia;CE;(85) 33422562;nutricionista@sas.caucaia.ce.gov.br;;1;;;;1;;;;;;;;;;;;;;;;;;;;;;1;1;$69.000,00;;1;;1;1;1;;1;1;1;;;73;35401;11360;;;;;;;;0;1;-3.7636483346830496E+16;-3.8619518280029296E+16
410040;410040;2018;6047;41;4;3;6;0;0;0;;;;2293;Banco de Alimentos;"Casa do Agricultor
Av Vereador Wadislau Bugalski, 1380";Botiatuba;83570-000;Almirante Tamandare;PR;(41) 36998600;agricultura@tamandare.pr.gov.br;www.tamandare.pr.gov.br;1;;;;;1;;Utiliza espaco na CAsa do Agricultor construida com recursos federais;;;;;;;;;;;;;;;;;;;1;99;;;;;;;;;;1;;;;73;12000;40000;;;;;1;;Agricultura familiar PNAE;1;1;-2532524297882750;-493088185787201
520870;520870;2018;4033;52;5;5;7;1;1;0;;2014;;2212;Banco Municipal de Alimentos de Goiania;Av. Professor Venerando de Freitas Borges  Nº 150;Setor Jao;74673-010;Goiania;GO;(62) 35245010;bancodealimentosgoiania@gmail.com;www4.goiania.go.gov.br;1;;;;;;;;;;;;;;;;;;;;;;;;;;1;1;;;1;;1;1;1;1;;;;;;70;8650;8562000;;1;;1;;;;0;1;-16680882;-492532691
310670;310670;2018;6047;31;3;4;6;1;0;0;;;;2035;Banco de Alimentos de Betim;Rua Rui Barbosa, nº 15;Chacara;;Betim;MG;(31) 3592572;bancodealimentospmbvidas@gmail.com;;1;;;;;;;;;;;;;;;;;;;;;;;;;;3;1;$500.000,00;;;;1;1;1;;1;1;1;1;Casas de Recuperacao de dependentes Quimicos;68;40000;50000;;1;1;;1;;Doacoes de Instituicao de ensino, Produtores, etc..;0;1;-1.99623573729326E+16;-4418793439865110
210530;210530;2018;6047;21;2;4;6;1;0;1;03/ago/16;2016;01/ago/16;2034;BANCO DE ALIMENTOS;Rua Albano, nº 495, bairro Entrocamento;Entroncamento;65913-440;Imperatriz;MA;(99) 981018755;bancodealimentositz2009@hotmail.com;https://www.imperatriz.ma.gov.br/noticias/homenagens/superintendencia-de-seguranca-alimentar-celebra-dia-do-nutricionista.html;1;;;;;;;;;;;;;;;;;;;;;;;;;;1;1;$70.000,00;;1;1;1;1;1;;1;1;1;1;ASSOCIACOES;68;19992;8587145;;1;;;1;;FEIRAS, PEQUENOS AGRICULTURAS;0;1;-5518183910739820;-4.74675786495208E+16
310730;310730;2018;4033;31;3;1;4;0;0;0;;;;2240;Banco de Alimentos da Prefeitura Municipal de Bocaiuva;Rua Jose Brandao Filho, Nº603;Centro;39390-000;Bocaiuva;MG;(38) 99601277;socialbocaiuva@hotmail.com;Nao Possui.;1;;1;;1;;;;;;;;;;;;;;;;;;;;;;98;99;;;1;1;;1;1;1;1;1;1;1;Quilombolas;66;16000;10000;;;1;;;;;1;1;-17108;-43815
354780;354780;2018;6047;35;3;5;7;1;0;0;;;;2095;Banco Municipal de Alimentos de Santo Andre;Av. dos Estados, 2.195, Sta Terezinha - CRAISA;Santa Terezinha;9210580;Santo Andre;SP;(11) 49969507;bancodealimentos@craisa.com.br;Nao possui;1;;;;1;;;;;;;;;;;;;;;;;;;;;;1;1;;;;1;1;1;1;1;1;1;1;;;66;14000;31000;;;1;1;1;;Doacoes exporadicas de campanhas solidarias da prefeitura, empresas privadas e sem fins lucrativos;0;0;-236573395;-465322504
311860;311860;2018;6047;31;3;5;7;1;0;1;20/mar/14;2014;01/mar/14;2000;Banco de Alimentos;Rua Sao Lucas nº 266;Agua Branca;32371-110;Contagem;MG;(31) 33531474;roberto.fiau@contagem.mg.gov.br;;1;;;;;;;;;;;;;;;;;;;;;;;;;;1;1;;;;1;1;;;1;1;1;;;;65;15000;40000;;1;;;;;;0;;-1.99289750857437E+16;-440343189239502
410830;410830;2018;6047;41;4;4;6;1;0;0;;;;2114;Banco de Alimentos;Av. Andradina, s/n, Cidade Nova;cidade nova;85.851 - 180 / 85.851 - 320;Foz do Iguacu;PR;(45) 3521 - 1031 AGRICULTURA / 1430 ACAO SOCIAL;bancodealimentos@pmfi.pr.gov.br;pmfi.pr.gov.br;1;;;;;;;;;;;;;;;;;;;;;;;;;;1;1;;;1;;;;1;;;;;;;65;8000;35000;;;;1;1;;Ministerio da Agricultura;0;1;-2.5470243700562E+16;-5456040143966670
120040;120040;2018;6047;12;1;4;6;1;1;1;27/nov/14;2014;01/nov/14;2102;Banco Municipal de Alimentos do Municipio de Rio Branco -AC;Rodovia AC - 90, 2003 - Bairro Boa Vista/Sobral - Transacreana;Boa Vista/Sobral;69902-120;Rio Branco;AC;(68) 32420314;baceasa@gmail.com;www.riobranco.ac.gov.br;1;;;;1;;;;;;;;;;;;;;;;;;;;;;1;1;$1.720.000,00;;1;;1;1;1;;1;1;1;;;62;6000;36000;;1;1;1;1;;Mercados e Feiras Municipal;0;1;-99797117;-678252298
251080;251080;2018;6047;25;2;3;6;0;0;1;27/nov/14;2014;01/nov/14;2154;BANCO DE ALIMENTOS;Rua Antonio Felix, sn;Vitoria;58700-000;Patos;PB;(83) 34154106;simonemourasim@yahoo.com.br;Nao possui;1;;;;1;;;;;;;;;;;;;;;;;;;;;;1;1;;;;1;1;1;1;1;;1;1;1;;60;47240;37456;;;;;1;;PAA- CONAB -PB;0;;-7020695919322490;-3727560281753540
251080;251080;2018;6047;25;2;3;6;0;0;1;27/nov/14;2014;01/nov/14;2061;BANCO DE ALIMENTOS;Rua Antonio Felix, sn;Bairro  da Vitoria;58700-000;Patos;PB;(83) 34154106;simonemourasim@yahoo.com.br;;1;;;;1;;;;;;;;;;;;;;;;;;;;;;1;1;$105.200,00;;;;1;;;;;;;1;Associacoes Comunitarias de Bairro, Instituicoes Religiosas, Casas de Apoio, APAE, Instituicoes de Longa Permanencia para Idosos, Instituicoes de Acolhimento para Criancas e Adolescentes.;60;25000;30000;;;;;1;;PAA VIA CONAB;0;;-70148454;-372672607
351380;351380;2018;2018;35;3;4;6;1;0;0;;;;2298;Banco de Alimentos de Diadema;Rua Marechal Floriano, 289;Centro;09912-030;Diadema;SP;(11) 40578008;banco.alimentos@diadema.sp.gov.br;www.diadema.sp.gov.br;1;;;;;;;;;;;;;;;;;;;;;;;;;;1;1;$12.250,00;;1;;;;1;;1;1;;;;60;12000;26000;;1;1;1;1;;Campanhas de doacao e produtos oriundos de apreensao;0;1;-236882533;-466172466
355250;355250;2018;6047;35;3;4;6;1;0;0;;;;2081;Banco de Alimentos de Suzano;Rua Abdo Rachid, 55;Centro;08674-050;Suzano;SP;(11) 4746 - 1580;agricultura@suzano.sp.gov.br;Nao Possui;1;;;;;;;;;;;;;;;;;;;;;;;;;;1;99;;;;;;;;1;;1;1;;;57;10878;20000;;;;;1;;Doacao dos Produtores Rural do Municipio;0;1;-2.35363501115161E+16;-4630675077438350
230730;230730;2018;6047;23;2;4;6;1;0;0;;;;2018;Banco de Alimentos Ver. Jose Francisco Vasques landim;Av. Virgilio Tavora, 704;Timbaubas;63.010-020;Juazeiro do Norte;CE;(88) 35119680;bancodealimentosjn@gmail.com;Www.juazeiro.ce.gov.br;1;;;;;;;;;;;;;;;;;;;;;;;;;;1;1;;;;1;1;1;1;1;1;1;1;1;;56;5600;1880;;;;;1;;eventos com ingressos e cooperativas  em alimentos;0;;-7211935605687730;-3929817718505850
430460;430460;2018;6047;43;4;4;6;1;0;1;20/mar/14;2014;01/mar/14;2132;Banco de Alimentos de Canoas;rua Expedicionario, 182;Nossa senhora das gracas;92110-320;Canoas;RS;(51) 30591559;debybemfi@hotmail.com;www.bancodealimentoscanoas.org.br;1;;;;;;;;;;;;;;;;;;;;;;;;;;3;0;;;;;;;;;;;;;;52;12000;10000;;1;1;1;;;;0;;-2.99310333780809E+16;-5117436712462220
411520;411520;2018;6047;41;4;4;6;1;0;1;03/ago/16;2016;01/ago/16;2066;Banco de Alimentos de Maringa;Rodovia Pr 317 nº 6.330 Saida p/ Campo Mourao;Gleba Pinguim;87065-901;Maringa;PR;(44) 32661147;pauloventurin@ceasa.pr.gov.br;www.ceasa.pr.gov.br;1;;;;;;;;;;;;;;;;;;;;;;;;;;1;0;;;;;;1;;;;1;;1;;50;22747;95044;;;;;;;;0;0;-2.34107204228342E+16;-5.1985158920288E+16
316935;316935;2018;6047;31;3;1;4;0;0;0;;;;2157;BANCO DE ALIMENTOS DE TRES MARIAS;AVENIDA TRAVESSIA, 190;PARQUE DIADORIM;39205-000;Tres Marias;MG;(38) 37547009;bancodealimentoss@gmail.com;nao tem;1;;;;1;;;;;;;;;;;;;;;;;;;;;;1;1;$56.000,00;;;1;;1;;;1;1;1;;;50;13163;4000;;;;;1;;PNAE;1;1;-1.81956907465413E+16;-452343878908157
354390;354390;2018;6047;35;3;4;6;1;0;0;;;;2269;BANCO DE ALIMENTOS NUTRICIONAL E SUSTENTAVEL;AVENIDA 23, 1483;BAIRRO DO ESTADIO;13501-390;Rio Claro;SP;(19) 35221930;erica.belomi@assistenciasocial.rc.sp.gov.br;www.udam.org.br;1;;;;1;;;;;;;;;;;;;;;;;;;;;;2;1;$926.000,00;;;;;1;1;1;1;1;1;;;50;7500;22538;;1;;;1;;Horta Solidaria, doacao particular, campanhas municipais de arrecadacao, alimentos apreendidos pela Vigilancia Sanitaria, doacoes de agricultores (inclusive familiares);0;1;-2242348561865840;-4756723880767820
110002;110002;2018;6047;11;1;3;6;0;0;0;;;;2100;Banco de Alimentos de Ariquemes;RUA DEMOCRATA, n 2230;setor institucional;76872-850;Ariquemes;RO;(69) 35363406;semaic@ariquemes.ro.gov.br;;1;;;;;;;;;;;;;;;;;;;;;;;;;;1;1;$60.000,00;;1;;;1;1;1;1;1;1;;;50;1500;30000;;1;;;1;;Doacao de Mercados;0;1;-99106824;-630329899
316720;316720;2018;6047;31;3;4;6;1;0;0;;;;2042;Banco de Alimentos de Sete Lagoas;Avenida Secretario Divino Padrao,nº 1515;Santo Antonio;35702075;Sete Lagoas;MG;(31) 37716281;secretaria.smdet@setelagoas.mg.gov.br;Nao possui;1;;;;;;;;;;;;;;;;;;;;;;;;;;1;1;$50.000,00;;1;;;1;;;1;1;1;;;49;10000;1500;;;;;1;;Redes de Bancos e Hortas Comunitarias;0;0;-1.947368306538E+16;-4.4257982969284E+16
510340;510340;2018;6047;51;5;5;7;1;1;0;;;;2030;Banco de alimentos;Rua Feliciano Galdino S/N;Porto;78000-000;Cuiaba;MT;(65) 36166734;marcela.rondon@cuiaba.mt.gov.br;www.cuiaba.mt.gov.br;1;;;;;;;;;;;;;;;;;;;;;;;;;;1;1;$180.000,00;;;;;;1;;;1;1;1;para associacoes e instituicao nao governamentais;49;380;17000;;1;;;;;;0;1;-1.56133240961182E+16;-5610558986663810
353440;353440;2018;6047;35;3;5;7;1;0;1;11/out/17;2017;01/out/17;2092;Banco de Alimentos Jose Mota;Avenida General Pedro Pinho, 1340;Vila Pestana;06122-160;Osasco;SP;(11) 36544585;bancodealimentos.sica@osasco.sp.gov.br;;1;;;;;;;;;;;;;;;;;;;;;;;;;;1;1;$342.000,00;;;;;;;;;1;;;;47;12900;67000;;1;;1;;;;0;0;-23537613;-468012486
351880;351880;2018;6047;35;3;5;7;1;0;0;;;;2004;Banco de Alimentos de Guarulhos;Alameda Tutoia, 534;Gopouva;07092-000;Guarulhos;SP;(11) 24725186;bancodealimentos@guarulhos.sp.gov.br;www.guarulhos.sp.gov.br;1;;;;1;;;;;;;;;;;;;;;;;;;;;;1;1;;;1;1;1;1;1;1;1;1;1;;;45;13000;41745;;1;1;1;1;;Campanhas de alimentos, feiras livres,;0;1;-234624425;-465425325
350320;350320;2018;6047;35;3;4;6;1;0;1;26/jul/18;2018;01/jul/18;2002;Banco de Alimentos de Araraquara;Avenida Padre Antonio Cezarino 808;Vila Xavier;14810-142;Araraquara;SP;(16) 33016161;bancoalimentos@araraquara.sp.gov.br;http://www.araraquara.sp.gov.br;1;;;;1;;;;;;;;;;;;;;;;;;;;;;1;1;$188.000,00;;;1;1;1;1;1;1;1;1;;;45;3717;30000;;1;1;;1;;Feiras dos produtores, PAA-CONAB e doacoes da iniciativa privada e Tiro de Guerra (campanhas solidarias).;0;1;-2178538487076860;-4.8163332939147904E+16
352210;352210;2018;6047;35;3;3;6;0;0;0;;;;2088;BANCO DE ALIMENTOS DE ITANHAEM;AV. MAL RONDON ESQ.COM URCEZINO FERREIRA S/N;CENTRO;11.740 - 000;Itanhaem;SP;(13) 34271836;banco.alimentos@yahoo.com.br;www.itanhaem.sp.gov.br;1;;;;1;;;;;;;;;;;;;;;;;;;;;;1;1;$300.000,00;;;;1;1;1;;;1;1;;;43;10000;35000;;1;;;1;;empresas de alimentacao terceirizadas, agricultores locais, Ibama, Mesa Brasil,Eventos pontuais;1;1;-2.41835002318008E+16;-4679120063781730
310620;310620;2018;6047;31;3;5;7;1;1;1;10/fev/17;2017;01/fev/17;2026;Banco de Alimentos de Belo Horizonte;Rua Tuiuti, 888;Padre Eustaquio;30720-440;Belo Horizonte;MG;(31) 32775713;bancodealimentos@pbh.gov.br;www.pbh.gov.br;1;;;;1;;;;;;;;;;;;;;;;;;;;;;1;1;;;;;;;1;;1;1;1;1;comunidade terapeutica;42;6000;25000;;1;;;1;;outros Bancos de Alimentos;0;0;-1.99179301476089E+16;-4397693574428550
353870;353870;2018;6047;35;3;4;6;1;0;0;;;;2241;Banco Ceagesp;Rodovia SPA 155/308 Km04 Caixa postal 202;Zona Rural;13400-970;Piracicaba;SP;(19) 34242611;cepir@ceagesp.gov.br;www.ceagesp.gov.br;1;;;;;;;;;;;;;;;;;;;;;;;;;;99;0;;;;;;;1;1;;1;1;;;42;2000;1500;;;;;;;;0;;-227860314;-475933106
250750;250750;2018;6047;25;2;5;7;1;1;1;20/mar/14;2014;01/mar/14;2060;Banco de Alimentos de Joao Pessoa;Rua Waldemar Galdino Naziazeno, nº 333, Geisel;Geisel;58075000;Joao Pessoa;PB;(83) 32145496;bancodealimentos_pmjp@hotmail.com;www.joaopessoa.pb.gov.br;1;;;;;;;;;;;;;;;;;;;;;;;;;;1;1;$6.310.000,00;;1;;1;1;1;;1;1;1;1;Socioassistenciais, Ongs,  e filantropicas;40;28010;10700000;;;;;1;;Campanhas solidarias;0;1;-7172729931655910;-3487399578094480
312610;312610;2018;6047;31;3;2;5;0;0;0;;;;2036;BANCO MUNICIPAL DE ALIMENTOS MARIA ATHANAZIA DE FREITAS;Av. Nossa Senhora da Abadia, 575-FUNDOS;Nossa Senhora Aparecida;35570-000;Formiga;MG;(37) 33291812;bancodealimentosformiga@yahoo.com.br;www.formiga.mg.gov.br;1;;;;;;;;;;;;;;;;;;;;;;;;;;1;1;;;1;;;1;1;1;1;1;1;;;40;14000;12000;;1;;;1;;Pequenos e medios produtores;0;1;-2.04580670416839E+16;-4544885158538810
311340;311340;2018;6047;31;3;2;5;0;0;1;10/fev/17;2017;01/fev/17;2127;Banco de Alimentos de Caratinga;R. Cel Antonio da Silva, Nº 700-A, Anexo ao Mercado Municipal;Centro;35300-032;Caratinga;MG;(33) 33298052;agricultura@caratinga.mg.gov.br;www.caratinga.mg.gov.br;1;;;;;;;;;;;;;;;;;;;;;;;;;;1;99;;;;1;;1;1;;1;1;1;1;Instituicoes sociais certificadas pelo CMI ou CMDCA ou COMSEANS;40;12263;25000;;;;1;1;;Programa Mesa Brasil do SESC;0;1;-1.97822567065366E+16;-4.2137342691421504E+16
313510;313510;2018;6047;31;3;2;5;0;0;0;;;;2038;IVETE MARIA CASTRO T. COELHO;OSVALDO ARANHA Nº100;PADRE EUSTAQUIO;39.440 - 000;Janauba;MG;(38) 3821258;bancoalimentos@janauba.mg.gov.br;;1;;;;;;;;;;;;;;;;;;;;;;;;;;1;1;;;;;1;;;;;;;;;40;12000;;;;;;;;;1;1;-1.57980555044374E+16;-433111310005188
250750;250750;2018;6047;25;2;5;7;1;1;1;20/mar/14;2014;01/mar/14;2113;Banco de Alimentos de Joao Pessoa;Rua, Waldemar Galdino Naziazeno, 333;Geisel;58071000;Joao Pessoa;PB;(83) 32145496;bancodealimentos_pmjp@hotmail.com;www.joaopessoa.pb.gov.br;1;;;;;;;;;;;;;;;;;;;;;;;;;;1;1;;;1;;1;1;1;;1;1;1;1;nao existem outros grupos;40;6882;10700000;;;;;1;;campanhas de arrecadacao de carater solidario;0;1;-7172612838018260;-3487395286560050
230765;230765;2018;6047;23;2;4;6;1;0;1;20/mar/14;2014;01/mar/14;2019;Banco de Alimentos de Maracanau;Avenida IV, n.20;Jereissati I;61900-220;Maracanau;CE;(85) 34018075;bancodealimentos_sasc@maracanau.ce.gov.br;nao possui;1;;;;;;;;;;;;;;;;;;;;;;;;;;1;1;$22.222,22;;;;1;1;1;;1;1;1;1;CAPS e Projeto de Cidadania e Justica;40;4344;450;;1;;1;;;;0;0;-3.8753711081522896E+16;-3862222462892530
313130;313130;2018;6047;31;3;4;6;1;0;0;;;;2324;Banco de Alimentos Germina Alves Linhares;Rua Rio PARANA S/N;Parque Das Aguas;35164-409;Ipatinga;MG;(31) 38298705;bancodealimentos@ipatinga.mg.gov.br;www.ipatinga.mg.gov.br;1;;;;;;;;;;;;;;;;;;;;;;;;;;1;1;$282.428,85;;1;;1;1;1;;;1;1;;;40;3500;2000;;;;;1;;Feirar livres, pessoa fisica.;0;0;-19468;-42537
315180;315180;2018;6047;31;3;3;6;0;0;1;20/mar/14;2014;01/mar/14;2108;Banco Municipal de Alimentos;Av. Wenceslau Braz, 2222;Jd Philadelphia;37706-000;Pocos de Caldas;MG;(35) 84065758;tiaonery@hotmail.com;nao tem;1;;;;;;;;;;;;;;;;;;;;;;;;;;1;1;;;;;;1;1;;1;;1;;;38;3000;15000;;1;;1;;;;0;;-2.17997502030416E+16;-4651449859142300
420420;420420;2018;6047;42;4;4;6;1;0;0;;;;2083;Banco Municipal de Alimentos de Chapeco;Rua John Kennedy, Nº 207 E;Passo dos Fortes;89805-500;Chapeco;SC;(49) 33245474;bancodealimentos@chapeco.sc.gov.br;Nao possui;1;;;;1;;;;;;;;;;;;;;;;;;;;;;1;1;$23.703,00;;;;;1;1;;1;;;;;36;1050;12000;;;;;1;;Alimentos arrecadados em eventos;0;1;-2708860688350040;-5.2615097165107696E+16
350600;350600;2018;6047;35;3;4;6;1;0;1;03/mai/16;2016;01/mai/16;2174;CEAGESP BAURU;Avenida Nacoes Unidas, nº 50-98;Presidente Geisel;17033-120;Bauru;SP;(14) 32032000;cebau.ceagesp@velus.com.br;cebau.ceagesp@velus.com.br;1;;;;;;;;;;;;;;;;;;;;;;;;;;3;0;;;1;;;;;1;;1;;;;34;33000;232000;;;;;;;;0;0;-2.23355678276365E+16;-4903273344039910
316990;316990;2018;6047;31;3;3;6;0;0;0;;;;2043;Banco de Alimentos de Uba;Rua Virgilio Maia Neves, 266.;Bairro da Luz;36504-208;Uba;MG;(32) 35315567;bancodealimentos@uba.mg.gov.br;http://www.uba.mg.gov.br/diario-eletronico;1;;;;1;;;;;;;;;;;;;;;;;;;;;;1;1;$332.801,00;;;;1;1;1;;;;1;1;entidades de saude que possui CEBAS;34;3800;13000;;1;;;1;;Campanhas Internas da Prefeitura;0;1;-2.11144085954966E+16;-4292306900024410
315460;315460;2018;6047;31;3;4;6;1;0;1;10/fev/17;2017;01/fev/17;2028;Banco de Alimentos de Ribeirao das Neves;Rua Sao Jose, nº68;Sao Geraldo;33805-350;Ribeirao das Neves;MG;(31) 3624608;bancodealimentos@ribeiraodasneves.mg.gov.br;;1;;;;;;;;;;;;;;;;;;;;;;;;;;1;1;;;1;;;1;1;1;;1;1;1;Catadores de materiais reciclaveis;34;3500;20000;;1;;1;1;;Parceiros eventuais;0;1;-1977383163841110;-4408220171928400
250370;250370;2018;6047;25;2;2;5;0;0;0;;;;2050;Banco de Alimentos de cajazeiras - PB;Avenida Joca Claudino, S/N;Tancredo Neves;58900-000;Cajazeiras;PB;(83) 35312534;desenvolvimentohumanocz2017@gmail.com;Nao tem;1;;;;;;;;;;;;;;;;;;;;;;;;;;1;1;;;1;;;1;1;;;1;1;;;34;3400;4000;;;;;;;;1;1;-6882491347667810;-3856796622276300
500270;500270;2018;6047;50;5;5;7;1;1;0;;;;2109;CENTRAL DE PROCESSAMENTO DE ALIMENTOS-CPA/BANCO DE ALIMENTOS;RUA KAMIEI SIMABUCO, Nº 08;NOSSA SENHORA APARECIDA;79023-010;Campo Grande;MS;(67) 33143955;cpabancodealimentos@hotmail.com;http://www.campogrande.ms.gov.br/sas/;1;;;;;;;;;;;;;;;;;;;;;;;;;;1;0;;;;;1;1;1;1;;1;1;;;33;24083;7500;;1;;1;1;;PEQUENOS PRODUTORES;0;1;-204640173;-546162947
350750;350750;2018;6047;35;3;3;6;0;0;1;13/dez/16;2016;01/dez/16;2084;Banco de Alimentos de Botucatu;Av Paula Vieira, 704;Vila Ema;18611020;Botucatu;SP;(14) 38145181;assistenciasocial@botucatu.sp.gov.br;;1;;;;;;;;;;;;;;;;;;;;;;;;;;3;1;$389.326,44;;;;;;1;1;1;1;1;1;nenhum outro grupo;32;7289;24250;;1;;;1;;Feira Livre, Produtores e arrecadacao de festas;0;1;-2.28711732998816E+16;-4.84402441978454E+16
353870;353870;2018;6047;35;3;4;6;1;0;0;;;;2189;Banco de Alimentos de Piracicaba;Rua Prof. Jose Rosario Losso, 946/954;Jaragua;;Piracicaba;SP;(19) 34346332;semdes.bcoalimentos@piracicaba.sp.gov.br;www.semdes.piracicaba.sp.gov.br;1;;;;;;;;;;;;;;;;;;;;;;;;;;2;1;$385.000,00;;;;;;1;;;;1;;;32;3000;13000;;;;;;;;0;;-2.27342641756439E+16;-4766446502306280
315015;315015;2018;2018;31;3;1;2;0;0;0;;;;2285;Banco de Alimentos de Piedade de Caratinga-MG;Rua Jose Custodio Vieira, Num. 26;Centro;35325-000;Piedade de Caratinga;MG;(33) 33238260;piedadedecaratinga.relba@gmail.com;Nao Possui;1;;;;;;;;;;;;;;;;;;;;;;;;;;1;1;$30.000,00;;;;;;;;1;;;;;30;8500;49000;;;;;1;;Doacoes de Agricultores parceiros;0;1;-1.97613856501004E+16;-4207959317560380
330330;330330;2018;4033;33;3;5;7;1;0;0;;;;2237;Banco de Alimentos Herbert de Souza;Rua Padre Anchieta, 65;Centro;24020-200;Niteroi;RJ;(21) 26206888;bancodealimentosbetinho@gmail.com;;1;;;;1;;;;;;;;;;;;;;;;;;;;;;1;1;;;;;;;1;;;1;;;;30;7000;;;;;;1;;Companhia Nacional de Abastecimento e eventos;0;;-228979448;-431216908
330350;330350;2018;6047;33;3;5;7;1;0;0;;;;2225;BANCO DE ALIMENTOS LARANJAIS DE NOVA IGUACU;"RUA DR. LUIZ GUIMARAES, 956 - LOJAS 6 E 7";CENTRO;26215-532;Nova Iguacu;RJ;(21) 26675796;desan.pcni@gmail.com;;1;;;;1;;;;;;;;;;;;;;;;;;;;;;1;1;;;1;;1;1;1;;;1;1;;;30;5000;1000;;;;;1;;PARCERIAS  ATRAVES DE CAMPANHAS EM INSTITUICOES DE ENSINO, PARCERIA COM OUTRAS SECRETARIAS;0;0;-2275441682864190;-4.34422588348388E+16
431870;431870;2018;6047;43;4;4;6;1;0;1;30/nov/18;2018;01/nov/18;2266;Banco de Alimentos Vale dos Sinos;Rua Doutor Hillebrand, 595;Rio dos Sinos;93110-100;Sao Leopoldo;RS;(51) 35881390;cl-prates@hotmail.com;em processo de elaboracao;1;;;;;;;;;;;;;;;;;;;;;;;;;;98;0;;;;;;;;1;;1;1;1;Escolas Comunitarias de Educacao Infantil Privadas e Conveniadas a Prefeitura Municipal;30;5000;3500;;;1;;1;;Campanhas de arrecadacao de alimentos, gincanas, doacoes da sociedade civil.;0;0;-2975217604359440;-5114719390869140
280290;280290;2018;2018;28;2;2;5;0;0;0;;;;2316;SESC Mesa Brasil;Avenida Otoniel Dorea, S/N;Centro;49500-139;Itabaiana;SE;(79) 34318396;mesabrasilitabaiana@gmail.com;;1;;;;;;;;;;;;;;;;;;;;;;;;;;99;0;;;;;;1;1;;;1;1;1;outros grupos religiosos;30;2000;10000;;1;1;1;1;;agricultores;0;1;-10685;-37425
310160;310160;2018;2018;31;3;2;5;0;0;0;;;;2345;Banco de Alimentos Mesa Farta;Av. Jovino Fernandes Salles, 428, Jardim Boa Esperanca – Alfenas (MG).;Boa Esperanca;;Alfenas;MG;(35) 88986883;bancodealimentosalfenas@yahoo.com.br;;1;;;;;;;;;;;;;;;;;;;;;;;;;;2;0;;;1;1;;;;;;;1;;;30;150;80;;;;;;;;0;0;-214227044;-459835215
420240;420240;2018;6047;42;4;4;6;1;0;1;27/nov/14;2014;01/nov/14;2305;Banco de Alimentos;Rua Engenheiro Udo Deeke, 1650;Salto do Norte;89065-101;Blumenau;SC;(47) 33380693;bancodealimentos@blumenau.sc.gov.br;nao possui;1;;;;1;;;;;;;;;;;;;;;;;;;;;;1;1;$333.000,00;;;;1;1;1;1;1;1;1;;;28;5200;12000;;;;1;1;;Eventos, Provenientes de apreensoes.;0;1;-2.68733178288584E+16;-4910607039928430
430610;430610;2018;4032;43;4;2;5;0;0;0;;;;2339;BANCO DE ALIMENTOS DE CRUZ ALTA;"Endereco: R. Duque de Caxias, 131 
Sao Miguel, Cruz Alta - RS, 98025-080";Sao Miguel;98025-080;Cruz Alta;RS;(55) 3343178;bancodealimentosca@hotmail.com;nao possui;1;;;1;;;;;;;;;;;;;;;;;;;;;;;1;1;$30.000,00;;;;;1;1;1;1;1;1;;;28;3000;4000;;;1;;1;;Doacao direta da populacao;0;0;-2.86386133007367E+16;-5360128641128540
351050;351050;2018;6047;35;3;3;6;0;0;0;;;;2352;BANCO MUNICIPAL DE ALIMENTOS DE CARAGUATATUBA;"AV. MINISTRO DILSON FUNARO, 287";JARDIM BRITANIA;11672-150;Caraguatatuba;SP;(12) 38873551;bancodealimentos@caraguatatuba.sp.gov.br;www.caraguatatuba.sp.gov.br;1;;;;;;;;;;;;;;;;;;;;;;;;;;1;1;$170.000,00;;;;;;1;;1;1;1;1;Dependentes quimicos;27;3000;3000;;;;;1;;Agricultor familiar;0;0;-23.62;-45413
317070;317070;2018;6047;31;3;3;6;0;0;0;;;;2046;Francisco Graca de Moura;Avenida Francisco Goncalves Vallin -  540 - Rezende;Rezende;37062-200;Varginha;MG;(35) 36902305;thulyo.paiva@varginha.mg.gov.br;Nao;1;;;;;;;;;;;;;;;;;;;;;;;;;;1;1;$130.250,00;;;1;1;1;1;;1;1;;1;Religiosos.;25;5450;35000;;1;1;;;;;0;1;-21551;-45.43
352500;352500;2018;6047;35;3;3;6;0;0;0;;;;2090;Eusmize Pedro da Costa;Rua Rubens Lopes da Silva, 01;Parque J.M.C;06600-042;Jandira;SP;(11) 47727222;eusmize@hotmail.com;prefeiturajandira@sp.gov.br;1;;;;;;;;;;;;;;;;;;;;;;;;;;2;99;;;;;;1;;1;;1;;1;ONGS;24;5000;13440;;;;;;;;99;99;-2.3528303795738E+16;-4.6899261474609296E+16
351907;351907;2018;6047;35;3;4;6;1;0;0;;;;2087;Banco Municipal de Alimentos de Hortolnandia;Rua Maria Catarina Vasconcellos Pinheiro, nº 65, Parque Odimar;Parque Odimar;13186-482;Hortolandia;SP;(19) 384566303;bancoalimentos@hortolandia.sp.gov.br;http://www2.hortolandia.sp.gov.br/;1;;;;;;;;;;;;;;;;;;;;;;;;;;1;1;$450.000,00;;;1;;1;1;;;1;;;;23;3000;40000;;;1;;1;;Oriundos do desperdicio e campanhas de pessoa fisica;0;1;-2.28961577867844E+16;-4719241619108060
291920;291920;2018;6047;29;2;3;6;0;0;0;;;;2005;Banco de Alimentos;Rua Nova Esperanca, s/n;Portao;42700-000;Lauro de Freitas;BA;(71) 333699942;lfdedsan@gmail.com;;1;;;;;;;;;;;;;;;;;;;;;;;;;;1;0;;;;1;;;1;;1;;;;;23;2500;1500;;;;;1;;Empresa de distribuicao de alimentos;0;;-1286755614663610;-3.8299627304077104E+16
353080;353080;2018;6047;35;3;2;5;0;0;0;;;;2149;Banco de Alimentos de Mogi Mirim;Rua Sergipe - 141;Saude;13800-719;Moji Mirim;SP;(19) 38041800;bancodealimentos@mogimirim.sp.gov.br;;1;;;;;;;;;;;;;;;;;;;;;;;;;;1;1;$289.000,00;;;;;;1;;;;;;;23;2150;70;;;1;;1;;Doacoes;0;0;-22432;-46958
312230;312230;2018;6047;31;3;4;6;1;0;0;;;;2029;Banco de Alimentos de Divinopolis;Rua Jose Balbino Pereira, 81 - Bairro Espirito Santo;Espirito Santo;35.500-254;Divinopolis;MG;(37) 32211088;semag@divinopolis.mg.gov.br;www.divinopolis.mg.gov.br;1;;;;1;;;;;;;;;;;;;;;;;;;;;;1;1;$153.000,00;;;;;;1;1;;1;1;;;22;20000;2000;;1;;1;;;;0;1;-2.01360729413885E+16;-448754221200943
317057;317057;2018;6047;31;3;1;2;0;0;0;;;;2126;Banco de Alimentos de Vargem Alegre-MG;Av. Sebastiao Machado dos Reis, Nº 535;Centro;35199-000;Vargem Alegre;MG;(33) 33241303;vargemalegre.relba@carating.com;;1;;;;;;;;;;;;;;;;;;;;;;;;;;1;99;;;;1;;;;;;;;1;IGREJAS,CRAS;22;2000;1200;;;;;;;;0;1;-19608;-42298
330630;330630;2018;6047;33;3;4;6;1;0;1;03/ago/16;2016;01/ago/16;2071;Banco Municipal de Alimentos de Volta Redonda/Unidade da Secretaria Municipal de Acao Comunitaria;Rua Pitagoras, s/nº;Retiro;27281-160;Volta Redonda;RJ;(24) 33399186;gisele.almeida@voltaredonda.rj.gov.br;;1;;;;;;;;;;;;;;;;;;;;;;;;;;1;1;$1.000.000,00;;1;;1;1;1;;1;1;1;1;Entidades Socioassistenciais;22;1200;12000;;;;;1;;Pequenos agricultores e hortifruti;0;0;-2249200940219350;-4410447478294370
211400;211400;2018;2018;21;2;2;5;0;0;0;;;;2350;BANCO DE ALIMENTOS;RUA DUQUE DE CAXIAS;CENTRO;65365-000;Ze Doca;MA;(00) 000000000;semaszd@gmail.com;nao;1;;;;;;;;;;;;;;;;;;;;;;;;;;1;99;;;1;;;;;;1;1;1;;;20;5000;;;;;;;1;;99;99;-3243;-45824
500370;500370;2018;4032;50;5;4;6;1;0;0;;;;2296;Banco Municipal de Alimentos;Rua Jose Luis da Silva 3350 Terra Roxa;Terra Roxa;79840-490;Dourados;MS;(67) 934117299;semafes@dourados.ms.gov.br;;1;;;;;;;;;;;;;;;;;;;;;;;;;;1;0;;;1;;1;1;;1;;;;;;19;183;1000;;;;;1;;Hortas Urbanas;0;1;-22221;-54806
320120;320120;2018;6047;32;3;4;6;1;0;1;17/abr/18;2018;01/abr/18;2021;Banco de Alimentos Cecilio Correa Cardoso;Rua Moises Campos Pancini, s/nº;Aeroporto;29314-000;Cachoeiro de Itapemirim;ES;(28) 35219114;banco.subsan@gmail.com;nao possui;1;;;;;;;;;;;;;;;;;;;;;;;;;;1;1;$5.000,00;;;;;1;1;1;1;1;1;;;18;4000;8000;;;;1;1;;Alimentos sem valor comercial mais em condicoes de consumo fornecido pelos produtores rurais do entorno da cidade e parcerias em eventos com a entrada solidaria de 1kg de alimento nao perecivel;0;1;-20849;-41113
330285;330285;2018;6047;33;3;3;6;0;0;0;;;;2054;ADRIANA VALECIO DA SILVA;Avenida Coelho da Rocha, 1426;ROCHA SOBRINHO;26.572 - 481;Mesquita;RJ;(21) 37657187;bancodealimentos@mesquita.rj.gov.br;www.mesquita.rj.gov.br;1;;;;;;;;;;;;;;;;;;;;;;;;;;1;0;;;1;;;1;1;;;1;;;;17;4550;7000;;;;1;;;;0;0;-227815;-434287
320530;320530;2018;6047;32;3;4;6;1;1;1;20/mar/14;2014;01/mar/14;2105;Banco de Alimentos Herbert de Souza;Rua Laurentino Proenca Filho, s/nº, Armazem I da CONAB;Jardim da Penha;29.046-020;Vitoria;ES;(27) 32246621;bancodealimentos@correio1.vitoria.es.gov.br;www.vitoria.es.gov.br;1;;;;;1;;Foi utilizado recurso federal quando da criacao (modernizacao);;;;;;;;;;;;;;;;;;;1;1;;;;;1;1;1;;;1;1;1;;17;4000;2054874;;1;;1;1;;Mesa Brasil, parcerias em eventos,;0;0;-20281999;-402976538
350650;350650;2018;6047;35;3;3;6;0;0;1;03/mai/16;2016;01/mai/16;2023;Banco de Alimentos de Birigui;Rua Saudades, nº 1250;Centro;16200008;Birigui;SP;(18) 36442729;bancodealimentos@birigui.sp.gov.br;nao tem;1;;;;1;;;;;;;;;;;;;;;;;;;;;;1;1;$54.000,00;;;;;;1;1;1;1;1;;;17;3055;10000;;;;;1;;Agricultores locais e da regiao;0;0;-2.12979601468059E+16;-5034246683120720
355400;355400;2018;6047;35;3;3;6;0;0;0;;;;2082;Banco de Alimentos de Tatui;Rua Ernesto Lalau Amadei, 70;Jardim Nossa Senhora de Fatima;18276-410;Tatui;SP;(15) 32597493;bancodealimentos@tatui.sp.gov.br;nao ha;1;;;;;;;;;;;;;;;;;;;;;;;;;;1;1;$90.000,00;;;;;1;1;;1;1;1;;;16;2647;20000;;;;;1;;doacoes de alimentos atraves dos Agricultores e banco de alimentos regionais;0;0;-2335815888310250;-4.78717285394668E+16
292400;292400;2018;6047;29;2;3;6;0;0;0;;;;2301;Banco de Alimentos de Paulo Afonso;RODOVIA BA 210, N° 1720 BAIRRO CARDEAL BRANDAO VILELA;BAIRRO CARDEAL BRANDAO VILELA;48609-10;Paulo Afonso;BA;(75) 36921700;;;1;;;;;;;;;;;;;;;;;;;;;;;;;;1;1;$2.128.660,00;;;;;1;1;;;1;1;;;15;800;2000;;1;;1;;;;0;1;-9447812999154480;-3822540521621700
431750;431750;2018;6047;43;4;2;5;0;0;0;;;;2058;Banco Municipal de Alimentos Bem Nutrir;Avenida Salgado Filho esquina Venancio Aires, S/N, Centro Norte;Centro Norte;98.803-010;Santo Angelo;RS;(55) 3312-2392;assistenciasocial@santoangelo.rs.gov.br;www.santoangelo.rs.gov.br;1;;;;1;;;;;;;;;;;;;;;;;;;;;;1;99;;;;1;;1;1;;1;1;1;1;Pastoral da crianca, Projeto Curumim;14;2500;8000;;1;;;1;;Doacoes de alimentos;0;0;-28299;-54263
412810;412810;2018;6047;41;4;3;6;0;0;1;21/mar/16;2016;01/mar/16;2067;Banco de Alimentos;Av. Julio Cesar Jarros, 2684;Jd. Alto da Boa Vista;87506-400;Umuarama;PR;(44) 39061036;bancodealimentos@umuarama.pr.gov.br;nao;1;;;;1;;;;;;;;;;;;;;;;;;;;;;1;1;$27.200,00;;1;;1;1;1;1;;1;;;;13;10000;40000;;;;;1;;Conab e doacoes provenientes de campanhas de arrecadacao;1;1;-2378779917261570;-5.3319804668426496E+16
313170;313170;2018;6047;31;3;3;6;0;0;0;;;;2146;Banco de Alimentos de Itabira;Rua Santana, 426;Penha;35900-064;Itabira;MG;(31) 38392261;itabira.relba@gmail.com;Nao possui;1;;;;;;;;;;;;;;;;;;;;;;;;;;1;0;;;;1;;1;1;;1;1;1;;;13;4000;6500;;;;;1;;Doadores espontaneos;1;1;-1.96149897679229E+16;-4322412014007560
354870;354870;2018;6047;35;3;5;7;1;0;1;11/out/17;2017;01/out/17;2080;Banco de Alimentos;Avenida Redencao, 271;Jardim do Mar;09.725-680;Sao Bernardo do Campo;SP;(11) 41263709;bancodealimento@saobernardo.sp.gov.br;;1;;;;;;;;;;;;;;;;;;;;;;;;;;1;1;;;;;1;1;1;;;;;;;13;2155;5890;;1;1;1;1;;hortas comunitarias municipais;0;;-2.36971044878325E+16;-465544106388092
351060;351060;2018;4032;35;3;4;6;1;0;0;;;;2313;Banco de Alimentos;Estrada Ernestina Vieira, 149 - Vila Dirce - Carapicuiba;Vila Dirce;06382-260;Carapicuiba;SP;(11) 41676222;secretaria.trabalho@carapicuiba.sp.gov.br;www.carapicuiba.sp.gov.br;1;;;;;;;;;;;;;;;;;;;;;;;;;;1;0;;;;;;;;;;1;1;;;13;1500;1200;;;;;;;;0;0;-235234673;-468406808
313055;313055;2018;6047;31;3;1;2;0;0;0;;;;2297;Banco de Alimentos de Imbe de Minas;Praca Sao Joao, Nº 111;Centro;35323-000;Imbe de Minas;MG;(33) 33251465;imbedeminas.relba@gmail.com;;1;;;;;;;;;;;;;;;;;;;;;;;;;;1;1;;;1;;;;;;1;;;;;12;1215;7914;;;;;1;;Doacao do produtor;0;1;-1.95948973116726E+16;-4.1967580318450896E+16
352500;352500;2018;6047;35;3;3;6;0;0;0;;;;2329;BANCO DE ALIMENTOS;Rua Rubens Lopes da Silva, 01;PARQUE J.MC;06600-042;Jandira;SP;(11) 47076026;acaosocial@jandira.gov.br;prefeitura do municipio de jandira;1;;;;1;;;;;;;;;;;;;;;;;;;;;;1;99;;;;;;1;1;1;;1;;;;10;1000;900;;;;;;;;99;99;-23528;-46903
270760;270760;2018;2018;27;2;1;3;0;0;0;;;;2347;Aliment Aqui - Programa de Aquisicao de Alimentos - PAA;Rua 13 de Junho s/n;Centro;57750-000;Quebrangulo;AL;(82) 999328031;sec.agricultura.quebrangulo@gmail.com;;1;;;;;;;;;;;;;;;;;;;;;;;;;;1;0;;;1;1;;;;;1;1;;;;10;350;1500;;;;;;;;0;1;-9321753450568560;-3.64746522903442E+16
430920;430920;2018;2018;43;4;4;6;1;0;0;;;;2346;Banco de Alimentos MUnicipal;Av. Centenario, 87;passo das Pedras;94195-410;Gravatai;RS;(51) 36007756;smfcas.segurancaalimentar@gravatai.rs.gov.br;;1;;;;;;;;;;;;;;;;;;;;;;;;;;1;99;;;;;1;;1;1;;1;1;;;10;300;;;1;;;1;;Acoes de entidades;0;1;-2.99499147659797E+16;-5099501609802240
432260;432260;2018;2018;43;4;2;5;0;0;0;;;;2325;Banco de Alimentos de Venancio Aires;Acesso Imperatriz Dona Leopoldina, 3887;Leopoldina;95800-000;Venancio Aires;RS;(51) 999950825;bancoalimentosvenancioaires@gmail.com;nao possui;1;;;;;;;proprios;;;;;;;;;;;;;;;;;;;3;0;;;1;;;;;1;1;1;1;;;10;200;1000;;1;;;1;;pessoas fisicas;0;0;-296403587;-52198052
315935;315935;2018;6047;31;3;1;2;0;0;0;;;;2286;Banco de Alimentos de Santa Rita de Minas-MG;Rua Alvaro Correa de Faria, 82;Centro;35326-000;Santa Rita de Minas;MG;(33) 33266000;santaritademinas.relba@gmail.com;Nao Possui site;1;;;;;;;;;;;;;;;;;;;;;;;;;;1;1;$30.000,00;;1;;;;1;;1;;;;;8;2500;45000;;1;;1;1;;Doacoes de outros Bancos de Alimentos e tambem de agricultores familiares parceiros;0;1;-1987479202615940;-4213345885276790
312770;312770;2018;4033;31;3;4;6;1;0;0;;;;2287;Banco de Alimentos de Governador Valadares;Avenida Luiz Goncalves Lessa nº 12;Sao Raimundo;35041-380;Governador Valadares;MG;(33) 32750492;governadorvaladares.relba@gmail.com;;1;;;;;1;;O banco funciona no predio sa CECAF que foi construido com recursos do municipio e MDA.;;;;;;;;;;;;;;;;;;;1;1;$1.545.000,00;;;;;1;1;1;1;1;1;1;Associacao de catadores de materiais reciclaveis.;8;300;1230;;;;;;;Sobras do PNAE (doacao de agricultores) e campanhas de arrecadacao de alimentos nao pereciveis.;0;0;-1.88951414100867E+16;-4.1951594352722096E+16
250860;250860;2018;4033;25;2;1;3;0;0;0;;;;2243;BANCO MUNICIPAL DE ALIMENTOS DA CIDADE DE LUCENA;RUA JOSE BEZERRA CAVALCANTE;CENTRO;58315-000;Lucena;PB;(83) 986200788;ed.jame123@hotmail.com;NAO CONSTA;1;;;;;;;;;;;;;;;;;;;;;;;;;;99;99;;;;;;;;;;1;;;;8;;;;;;;;;;99;99;-690628915;-34921340160614
240810;240810;2018;4032;24;2;5;7;1;1;0;;;;2338;Banco de Alimentos de Natal;Rua da Concordia, 1874;Quintas;59035-240;Natal;RN;(84) 32329292;elisangela.teixeira@natal.rn.gov.br;Nao possui;1;;;;1;;;;;;;;;;;;;;;;;;;;;;1;1;;;;;;;;;;1;1;;;7;136;185;;;;;;;Feiras da Agricultura Familiar;0;0;-580330814572833;-3.52298079728097E+16
317005;317005;2018;4033;31;3;1;3;0;0;0;;;;2312;Banco de Alimentos de Ubaporanga;Cel Antonio Rezende sn;Centro;35338-000;Ubaporanga;MG;(33) 33231200;ubaporanga2.relba@gmail.com;;1;;;;;;;;;;;;;;;;;;;;;;;;;;1;0;;;;;1;1;1;1;1;1;1;;;6;1500;20000;;;1;;;;;0;1;-1962983514601260;-4210954427719110
315725;315725;2018;4032;31;3;1;2;0;0;0;;;;2358;Banco de Alimentos de Santa Barbara do Leste;Rua Monsenhor Rocha 110;centro;35328-000;Santa Barbara do Leste;MG;(33) 33261569;recepcaosbl2017@gmail.com;nao tem;1;;;;;;;;;;;;;;;;;;;;;;;;;;98;99;;;1;;;;;;;;;;;6;600;5000;;;;;;;;0;1;-1.99749823068903E+16;-4214210629463190
314700;314700;2018;4033;31;3;2;5;0;0;0;;;;2343;banco de alimentos de paracatu- MG;rua: praca Euzebio s/n;centro;38600-000;Paracatu;MG;(38) 36716211;acaosocial@paracatu.mg.gov.br;;1;;;;;;;;;;;;;;;;;;;;;;;;;;1;1;$88.400,00;;;;;;;;;;;;;6;240;1500;;;;;1;;doacoes;0;0;-1.72238871540617E+16;-4687796473503110
311940;311940;2018;2018;31;3;3;6;0;0;0;;;;2295;Banco de Alimenos de Coronel Fabriciano;rua acai 250;floresta;35170-220;Coronel Fabriciano;MG;(31) 38467738;bancoalimentosfabri@gmail.com;nao possui;1;;;;;;;;;;;;;;;;;;;;;;;;;;1;0;;;1;;;1;;1;1;;;1;entidades cadastradas no cmdca e cmi;6;200;1000;;;;;;;;0;0;-19519;-42629
312385;312385;2018;6047;31;3;1;2;0;0;0;;;;2124;Banco de Alimentos de Entre Folhas;Rua Daniel Gomes;Centro;35324-000;Entre Folhas;MG;(33) 33246112;samaentrefolhas@gmail.com;;1;;1;;1;;;;;;;;;;;;;;;;;;;;;;1;0;;;1;;;;1;;;1;;1;0;5;2000;7500;;;;;;;;99;1;-1.96268035260518E+16;-4223093032836910
312930;312930;2018;2018;31;3;1;3;0;0;0;;;;2331;BANCO DE ALIMENTOS DE IAPU;Rua Jair Fernandes de Melo, 353;CENTRO;35190-000;Iapu;MG;(33) 33551105;saneamento@iapu.mg.gov.br;nao tem;1;;;;;1;;ALUGADO;;;;;;;;;;;;;;;;;;;99;99;;;;;;;;;;;;;;5;1000;5000;;;;;1;;DOACAO DE PRODUTORES;0;1;-1.94374366470925E+16;-4.22172564268112E+16
312930;312930;2018;2018;31;3;1;3;0;0;0;;;;2332;BANCO DE ALIMENTOS DE IAPU;RUA JAIR FERNANDES DE MELO, 353;CENTRO;35190-000;Iapu;MG;(33) 33551105;saneamento@iapu.mg.gov.br;NAO TEM;1;;;;;1;;ALUGADO;;;;;;;;;;;;;;;;;;;99;99;;;;;;;;;;;;;;5;1000;5000;;;;;1;;DOACAO DE PRODUTORES;0;1;-194374821751639;-4.22172564268112E+16
521590;521590;2018;2018;52;5;1;1;0;0;0;;;;2336;Secretaria Municipal de Assistencia Social;Rua Pedro Geraldo Lopes 395;Centro;75990-000;Palminopolis;GO;(64) 36751379;assistencia.social@outlook.com;Nao;1;;;;;;;;;;;;;;;;;;;;;;;;;;1;99;;;1;1;;1;;;1;;;;;5;550;2750;;;;;;;Lavoura comunitaria, fazendinha municipal;1;0;-1.67965503205395E+16;-5.0164904594421296E+16
316760;316760;2018;2018;31;3;1;3;0;0;0;;;;2321;Banco de Alimentos de Simonesia;Rua Jose Batista de Oliveira nº 47;Bom Sucesso;36930-000;Simonesia;MG;(33) 33361235;simonesia.relba@gmail.com;;1;;;;;;;Aluguel do espaco;;;;;;;;;;;;;;;;;;;98;0;;;1;;;1;;;;;1;;;5;307;1500;;;;;;;;0;1;-201233838;-420024294
312000;312000;2018;2018;31;3;1;1;0;0;0;;;;2342;Banco de Alimento de Corrego Novo - MG;Praca Vicente Domingos de Paula;Sao Geraldo Mangela;35345-000;Corrego Novo;MG;(33) 33531184;corregonovo.relba@gmail.com;;1;;;;;;;;;;;;;;;;;;;;;;;;;;99;99;;;1;1;1;1;;;;1;1;1;Escolas, creche, comunidades.;5;250;;;;;;;;;99;99;-1.9833428531278E+16;-4.24066150188446E+16
316447;316447;2018;4033;31;3;1;2;0;0;0;;;;2289;Banco de Alimentos de Sao Sebastiao do Anta;RUA FRANCISCO DE ASSIS PEREIRA, 67;CENTRO;35334-000;Sao Sebastiao do Anta;MG;(33) 33157000;saosebastiaodoanta.relba@gmail.com;;1;;;;;;;;;;;;;;;;;;;;;;;;;;1;1;$60.000,00;;1;;;;;;;;1;;;4;2040;18000;;;;;1;;doacoes de produtores;0;1;-1.9498129392703E+16;-4198472499847410
230190;230190;2018;6047;23;2;2;5;0;0;0;;;;2135;Banco de alimentos;Av. Jullis Rimet;Cirolandia;63180-000;Barbalha;CE;(88) 35321189;annictf@ig.com.br;nao tem;1;;;;;;;;;;;;;;;;;;;;;;;;;;1;99;;;1;;;1;;1;;;;;;4;800;;;;;1;;;;1;1;-7326202969311190;-3929753780364990
315895;315895;2018;4033;31;3;1;4;0;0;0;;;;2251;Banco de Alimentos de Santana do Paraiso;Estrada do Horto 7 a;Horto Paraiso;35169-000;Santana do Paraiso;MG;(31) 32515482;segurancaalimentaras@santanadoparaiso.mg.gov.br;www.santanadoparaiso@.mg.gov.br;1;;;;;;;;;;;;;;;;;;;;;;;;;;1;0;;;1;;;;1;1;;;;;;4;70;250;;;;1;;;;1;1;-1.93677131520823E+16;-4.25317239761352E+16
311840;311840;2018;2018;31;3;1;4;0;0;0;;;;2290;banco de alimentos de conselheiro pena;rodovia do cafe, saida para alto sao jose, sn;operarios;35240-000;Conselheiro Pena;MG;(33) 32613500;conselheiropena.relba@gmail.com;n tem;1;;;;;;;;;;;;;;;;;;;;;;;;;;1;99;;;;;;1;1;;;;1;;;4;60;2000;;;1;;;;;1;99;-1.917220731053E+16;-4.1471908092498704E+16
316420;316420;2018;4033;31;3;1;3;0;0;0;;;;2229;Banco de Alimentos do Municipio de Sao Romao;Rua dos Oliveiras n 750;Centro;39290-000;Sao Romao;MG;(38) 992901429;bancodealimentos@gmail.com;--;1;;;;;;;;;;;;;;;;;;;;;;;;;;1;99;;;1;;;1;;;;;;;;3;2136;12500;;;;;;;MESA BRASIL SESC, CONAB;1;;-1.63693918689158E+16;-450706171989441
130083;130083;2018;2018;13;1;1;3;0;0;0;;;;2308;CRAS - Luiza Marques Costa;Rua: Getulio Vargas, 274;Centro;69425-000;Caapiranga;AM;(92) 992644209;afonsomartins2@hotmail.com;;1;;1;;;;;;;;;;;;;;;;;;;;;;;;1;1;$333.800,00;;;1;;;;;1;;;;;3;200;500;;;;;;;;0;1;-3328394673906390;-6121246647860970
210905;210905;2018;6047;21;2;1;2;0;0;0;;;;2328;CENTRAL DE RECEBIMENTO DE ALIMENTOS PAA E PNAE;RUA CAPITAO PASSINHO SNº;CENTRO;65263-000;Porto Rico do Maranhao;MA;(98) 984333733;;;1;;;;;;;;;;;;;;;;;;;;;;;;;;98;99;;;1;;;;;;;;;;;2;1770;2200;;;;;;;;1;1;-18597328;-445854991
313115;313115;2018;2018;31;3;1;3;0;0;0;;;;2304;banco municipal de alimentos;rua joao damasceno, nº20;centro;35198-000;Ipaba;MG;(31) 33201281;ipaba.relba@gmail.com;nao possui;1;;;;;;;;;;;;;;;;;;;;;;;;;;1;0;;;1;;;;1;;;;;;;2;1500;12000;;;;;1;;doacoes de presidio denio moreira de carvalho e agricultura familiar local\ projeto santa marta;0;1;-1.94129710509413E+16;-4.2418019771575904E+16
312370;312370;2018;4033;31;3;1;3;0;0;0;;;;2319;Banco d Alimentos de Engenheiro Caldas.;ANTIGO POSTO DE SAUDE/ VILA MARTINS;VILA MARTINS;35130-000;Engenheiro Caldas;MG;(33) 32341185;governo@engenheirocaldas.mg.gov.br;WWW.ENGENHEIROCALDAS.MG.GOV.BR;1;;;;;;;;;;;;;;;;;;;;;;;;;;1;1;$50.000,00;;;;;;;;;;;;;2;50;100;;;;;;;;0;1;-1.92304459144146E+16;-4205600738525390
314545;314545;2018;2018;31;3;1;2;0;0;0;;;;2356;Banco de Alimento;Rua Diamantina.;centro;39398-000;Olhos-d`Agua;MG;(38) 32517272;secassistenciasocial_olhos@yahoo.com;nao tem;1;;;;;;;;;;;;;;;;;;;;;;;;;;1;99;;;1;;;;;;;;1;;;1;1400;1000;;;;;;;;1;1;-1739855834256400;-4356838703155510
314545;314545;2018;2018;31;3;1;2;0;0;0;;;;2355;Banco de alimento;Rua Diamantina;Centro;39398-000;Olhos-d`Agua;MG;(38) 32517272;secassistenciasocial_olhos@yahoo.com.br;nao tem .;1;;;;;;;;;;;;;;;;;;;;;;;;;;1;0;;;1;;;;;;;;1;;;1;1200;500;;;;;;;;1;1;-1.73982921551822E+16;-4356873035430900
250910;250910;2018;4033;25;2;1;4;0;0;0;;;;2337;Banco de Alimentos;Rua: 15 de janeiro, 173;Centro;58345-000;Mari;PB;(83) 996614319;sec.desenvolvimentohumano.mari@gmail.com;www.mari.pb.gov.br;1;;;;;;;;;;;;;;;;;;;;;;;;;;99;99;;;;;;;;;;;;;;1;500;30000;;;;;;;;0;1;-7060881211691520;-3.53153371810913E+16
431720;431720;2018;4032;43;4;2;5;0;0;0;;;;2326;banco de alimentos;rua castelo branco 886;centro;98780-200;Santa Rosa;RS;(55) 35115125;ucam@santarosa.rs.gov.br;;1;;;;;;;;;;;;;;;;;;;;;;;;;;99;99;;;;;;;1;;;;;;;1;80;200;;;;;;;doacao da comunidade;0;0;-2.78765437031973E+16;-5446957111358640
353020;353020;2018;6047;35;3;1;3;0;0;0;;;;2138;Programa de Aquisicao de Alimentos;Rua: Dr. Noboru Kasae, s/n;centro;19260-000;Mirante do Paranapanema;SP;(18) 39912496;mirante_paa@hotmail.com;https://www.facebook.com/programadealimentosmirante?fref=ts;1;;;;;;;;;;;;;;;;;;;;;;;;;;1;99;;;1;;;;;;;1;;;;;2600;87500;;;;;;;;99;;-2.22990232641173E+16;-5.19104433059692E+16
351535;351535;2018;2018;35;3;1;2;0;0;0;;;;2323;BANCO DE ALIMENTOS;RUA ADRIANE CRISTINA VENANCIO DA SILVA;CENTRO;19275-000;Euclides da Cunha Paulista;SP;(18) 32831351;associal123@hotmail.com;nao tem;1;;;;;;;;;;;;;;;;;;;;;;;;;;1;99;;;;;;;;;;;;;;;1031;13600;;;;;;;;0;1;-2255572362196170;-5.2587718964496096E+16
261450;261450;2018;2018;26;2;2;5;0;0;0;;;;2353;Banco Publico de Alimentos de Surubim;Rua Largo da Cabaceira, nº 120. Cabaceira, Surubim/PE. CEP: 55.750-000;Centro;55750-000;Surubim;PE;(81) 36341460;sasdh.surubim@gmail.com;Nao possui;1;;;;;;;;;;;;;;;;;;;;;;;;;;1;99;;;;;;;;;;;;;;;200;1000;;;;;;;;0;0;-7832;-35756
290240;290240;2018;6047;29;2;1;3;0;0;0;;;;2288;BANCO DE ALIMENTOS DA SECRETARIA MUNICIPAL DE ASSISTENCIA SOCIAL;RUA PRESIDENTE MEDICI S/N;CENTRO;45675-000;Aurelino Leal;BA;(73) 35541610;smas.aurelinoleal@gmail.com;nao possue;1;;;;;;;;;;;;;;;;;;;;;;;;;;1;0;;;;1;;;;;;;;;;;150;3000;;;;;;;;99;1;-14317;-39327
251140;251140;2018;6047;25;2;1;3;0;0;0;;;;2310;BANDO DE ALIMENTOS DE PICUI - BAP;RUA TERTULIANO HENRIQUES;CENECISTA;58187-000;Picui;PB;(83) 33712393;;;1;;;;;1;;NAO HOUVE UMA CONSTRUCAO, O BANCO DE ALIMENTOS FUNCIONA EM UM PREDIO CEDIDO PELA PREFEITURA.;;;;;;;;;;;;;;;;;;;1;0;;;;;;;;;;;;;;;20;240;;;;;;;ARRECADACAO DE ALIMENTOS EM EVENTOS PUBLICOS;0;0;-6510599508324520;-3636116266250610
291840;291840;2018;6047;29;2;4;6;1;0;1;11/out/17;2017;01/out/17;2010;Banco Municipal de Alimentos;Distrito Industrial de Juazeiro Quadra 03;Distrito Industrial;48900-000;Juazeiro;BA;(74) 999888215;mariojaguarari@hotmail.com;www.prefeituramunicipaljuazeiro.ba.gov.br;3;;;;;;;;;;;;;;;;;;;;;;;;;;;;;;;;;;;;;;;;;;;;;;;;;;;;;-9414;-40503
230640;230640;2018;6047;23;2;3;6;0;0;1;27/nov/14;2014;01/nov/14;2016;Banco de Alimentos de Itapipoca;Rua Pedro I, S/N;Boa Vista;62.500 - 000;Itapipoca;CE;(88) 36315950;;nao tem;3;;;;;;;;;;;;;;;;;;;;;1;;;;;;;;;;;;;;;;;;;;;;;;;;;;;;;;-3.50301215953169E+16;-3.9581573009490896E+16
230550;230550;2018;6047;23;2;3;6;0;0;1;27/nov/14;2014;01/nov/14;2017;Banco de Alimentos;Rua Jose Caeiras de Souza;Areias;63.500-000;Iguatu;CE;(88) 9268 -3921 - 9948-0900;saspmiguatu@yahoo.com.br;;2;;;;;;;;;;;;;;;;;;;;;;;;;;;;;;;;;;;;;;;;;;;;;;;;;;;;;-6359;-39299
320130;320130;2018;6047;32;3;4;6;1;0;0;;;;2022;Banco de Alimentos Josue de Castro;Rua: Walfredo Ferreira Paiva;Rosa da Penha;29143-291;Cariacica;ES;(27) 33466337;segurancaalimentar@cariacica.es.gov.br;www.cariacica.es.gov.br;1;;;;;;;;;;;;;;;;;;;;;;;;;;1;1;;;;;;;1;;;;;;;;;2500;;;;;1;;Doacoes;0;1;-203505091;-403781757
521190;521190;2018;6047;52;5;2;5;0;0;0;;;;2032;Banco de Alimentos;Rua Leomar Ferreira de Melo c/ Rua 01 QD 01 Conjunto Residencial Cidade Jardim;Conjunto Residencial Cidade Jardim;75807-647;Jatai;GO;(64) 36328837;projetos@jatai.go.gov.br;www.jatai.go.gov.br;3;;;;;;;;;;;;;;;;;;;;;;;1;;Processo Licitatorio para construcao;;;;;;;;;;;;;;;;;;;;;;;;;;;;-1.78748569414319E+16;-5169453620910640
421010;421010;2018;6047;42;4;2;5;0;0;0;;;;2078;BANCO DE ALIMENTOS DE MAFRA;Rua Benemerito     Pedro Kuss, s/nº - Centro, CEP: 89300000;Centro;89.300 - 000;Mafra;SC;(47) 3643-7181;shturnes@hotmail.com;nao tem;3;;;;;;;;;;;;;;;;;;;;;1;;1;;O encerramento do PAA CDDS paralizou as atividades do BA. Sma-se a este fato, a falta de pessoal para operacionalizar devido a impossibilidade de contratacao de efetivos ou comissionados.;;;;;;;;;;;;;;;;;;;;;;;;;;;;-2610685735636230;-4980643766403190
350550;350550;2018;6047;35;3;3;6;0;0;0;;;;2079;Banco de Alimentos;Rua Tomas de Paula Oliveira, nº 490;Licia;14781-439;Barretos;SP;(17) 33244555;bancodealimentos@barretos.sp.gov.br;Nao possui;3;;;;;;;;;;;;;;;;;;;;;;;;;;;;;;;;;;;;;;;;;;;;;;;;;;;;;-2.05482786467861E+16;-4855976343154900
311340;311340;2018;6047;31;3;2;5;0;0;1;10/fev/17;2017;01/fev/17;2110;Banco de Alimentos de Caratinga;BR 116, KM 529, S/N;Das Gracas;35300000;Caratinga;MG;(33) 33298052;agricultura@caratinga.mg.gov.br;www.caratinga.mg.gov.br;2;;;;;;;;;;;1;;;;;;;;;;;;;;;;;;;;;;;;;;;;;;;;;;;;;;;;;;-197585199940922;-4213333010673520
260790;260790;2018;6047;26;2;5;7;1;0;1;20/nov/13;2013;01/nov/13;2125;ATITUDE QUE ALIMENTA;RUA MARIA HELENA - S/Nº;CAJUEIRO SECO;54330-610;Jaboatao dos Guararapes;PE;(81) 92667357;sanjgequipe@gmail.com;;3;;;;;;;;;;;;;;;;;;;;;;;1;;O predio e do Governo do estado e estamos aguardando a liberacao para proceder reforma.;;;;;;;;;;;;;;;;;;;;;;;;;;;;-8113;-35015
521190;521190;2018;6047;52;5;2;5;0;0;0;;;;2147;Banco de Alimentos;Rua Leomar Ferreira de Melo c/ Rua 01 Qd. 01;Conjunto Residencial Cidade Jardim;75807-647;Jatai;GO;(64) 36324025;paamunicipal@jatai.go.gov.br;www.jatai.go.gov.br;3;;;;;;;;;;;;;;;;;;;;;;;;;Analise para atendimento de pendencias na GIDUR/ CAIXA ECONOMICA FEDERAL GOIANIA;;;;;;;;;;;;;;;;;;;;;;;;;;;;-1.78748569414319E+16;-5169460058212280
251530;251530;2018;6047;25;2;2;5;0;0;0;;;;2179;Banco de Alimento Municipal;Rua : Adelaide  Chaves;Centro;58337-000;Sape;PB;(83) 981230680;;;2;;;;;;;;;;;;;;;;;;;;;;;;;;;;;;;;;;;;;;;;;;;;;;;;;;;;;-7095;-35233
352310;352310;2018;6047;35;3;4;6;1;0;0;;;;2209;Banco de Alimentos de Itaquaquecetuba;Rua Cabralia Paulista, S/N;Estacao;08571-020;Itaquaquecetuba;SP;(11) 46422121;alimentar@itaquaquecetuba.sp.gov.br;;3;;;;;;;;;;;;;;;;;;;;;1;;;;;;;;;;;;;;;;;;;;;;;;;;;;;;;;-2347923817295310;-4634502053260800
354760;354760;2018;4033;35;3;1;4;0;0;0;;;;2211;SETOR DE ALIMENTACAO E NUTRICAO ESCOLAR / BANCO DE ALIMENTOS;AVENIDA SAO PAULO,NUMERO 1157;VILA RANZANI;14270-000;Santa Rosa de Viterbo;SP;(16) 3954850;sne@santarosa.sp.gov.br;;3;;;;;;;;;;;;;;;;;;;;;;;;;;;;;;;;;;;;;;;;;;;;;;;;;;;;;-2.14881275524446E+16;-4736531996615660
316410;316410;2018;6047;31;3;1;2;0;0;0;;;;2213;PAA;ZINHA MADEIRA;centro;39784-000;Sao Pedro do Suacui;MG;333434113;;;3;;;;;;;;;;;;;;;;;;;;;;;;;;;;;;;;;;;;;;;;;;;;;;;;;;;;;-18366;-42603
290320;290320;2018;4033;29;2;3;6;0;0;0;;;;2220;Nao se aplica;Nao se aplica;Nao se aplica;00000-000;Barreiras;BA;(77) 36139575;chefiadegabinete@barreiras.ba.gov.br;Nao se aplica;3;;;;;;;;;;;;;;;;;;;;;;;1;;diversos;;;;;;;;;;;;;;;;;;;;;;;;;;;;-121312064;-450015337
520620;520620;2018;4033;52;5;2;5;0;0;0;;;;2223;Banco de Alimentos;Rua Carajas, nº 3743;Centro;73850-000;Cristalina;GO;(61) 36127367;alimentacao-escolar@hotmail.com;nao tem;3;;;;;;;;;;;;;;;;;;;;;;;;;Falta de recursos do governo Federal;;;;;;;;;;;;;;;;;;;;;;;;;;;;-1.67716720611617E+16;-476149606704712
520620;520620;2018;4033;52;5;2;5;0;0;0;;;;2224;Banco de Alimentos de Cristalina;Rua Carajas nº 3743;Centro;73850-000;Cristalina;GO;(61) 36127367;alimentacao-escolar@hotmail.com;sem;3;;;;;;;;;;;;;;;;;;;;;;;;;Falta de recursos do Governo Federal;;;;;;;;;;;;;;;;;;;;;;;;;;;;-1677220622811610;-4761451005935660
411155;411155;2018;4033;41;4;1;2;0;0;1;26/jul/18;2018;01/jul/18;2236;Padaria Municipal e restaurante comunitario de Ivate;Rua Loanda;centro;87525-000;Ivate;PR;(44) 36738000;;;3;;;;;;;;;;;;;;;;;;;;;;;;;;;;;;;;;;;;;;;;;;;;;;;;;;;;;-23409;-53369
410690;410690;2018;6047;41;4;5;7;1;1;1;21/mar/16;2016;01/mar/16;2254;Banco de Alimentos do CEASA PR;BR 116, Km 111, nº 22881;Tatuquara;80030-000;Curitiba;PR;(41) 32533232;;;1;;;;;;;;;;;;;;;;;;;;;;;;;;1;0;;;;;;;;;;;;;;;;;;;;;;;;99;;-255529053;-493015075
130063;130063;2018;4033;13;1;1;3;0;0;0;;;;2260;SEMAS/BERURI;Rua Vicente Gomes , 72 - Sao Francisco;Centro;69430-000;Beruri;AM;(97) 33511030;semasberuri@gmail.com;Nao tem;3;;;;;;;;;;;;;;;;;;;;;;;;;;;;;;;;;;;;;;;;;;;;;;;;;;;;;-389474032364144;-6137374877929680
522185;522185;2018;4033;52;5;3;6;0;0;0;;;;2262;Banco de Alimento Municipal de Valparaiso de Goias;Q. 13/15 Valparaiso I;Valparaiso I;72876-045;Valparaiso de Goias;GO;(61) 36240007;spstrabalho@yahoo.com.br;;2;;;;;;;;;1;;;;;;;;;;;;;;;;;;;;;;;;;;;;;;;;;;;;;;;;;;;;-1.60691365936318E+16;-479800629615886
353870;353870;2018;6047;35;3;4;6;1;0;0;;;;2273;mesa brasil sesc piracicaba;rua Ipiranga;Centro;13400-480;Piracicaba;SP;(19) 34379240;mesabrasil@sesc.sp.br;www.sescsp.org.br;1;;;;;;;;;;;;;;;;;;;;;;;;;;1;99;;;;;;1;1;1;;1;;;;;;;;;;1;;;;99;;-227289075;-47652789
315270;315270;2018;4033;31;3;1;2;0;0;0;;;;2282;Banco de Alimentos  de Prados;Avenida Magalhaes Gomes 110;Centro;36320-000;Prados;MG;(32) 33536194;assistenciasocial@prados.mg.gov.br;www.prados.mg.gov.br;3;;;;;;;;;;;;;;;;;;;;;;;;;;;;;;;;;;;;;;;;;;;;;;;;;;;;;-21058;-44.08
313940;313940;2018;2018;31;3;2;5;0;0;0;;;;2299;BANCO DE ALIMENTOS DE MANHUACU;RUA: CALDAS CARLOS S/N;PONTE DA ALDEIA;36900-000;Manhuacu;MG;(33) 33323891;agricultura@manhuacu.mg.gov.br;NAO POSSUI;2;;;;;;;;;;;;;;;;;;;;;;;;;;;;;;;;;;;;;;;;;;;;;;;;;;;;;-2.02731272318706E+16;-4.2054709196090704E+16
352900;352900;2018;6047;35;3;4;6;1;0;0;;;;2322;BANCO DE ALIMENTOS MARILIA;RUA LUIS GERONIMO FERNANDES, 40;PALMITAL;17506-235;Marilia;SP;(14) 34026000;;;2;;;;;;;;;;;;;;;;;;;;;;;;;;;;;;;;;;;;;;;;;;;;;;;;;;;;;-2.22014714039167E+16;-4995607852935790
310090;310090;2018;2018;31;3;1;3;0;0;0;;;;2327;BANCO DA ALIMENTOS;RUA FRANCISCO CARVALHO;CENTRO;39880-000;Aguas Formosas;MG;(33) 987267500;agricultura@aguasformosas.mg.gov.br;;3;;;;;;;;;;;;;;;;;;;;;;;;;;;;;;;;;;;;;;;;;;;;;;;;;;;;;-1.70825687335188E+16;-4093525171279900
313510;313510;2018;6047;31;3;2;5;0;0;0;;;;2334;BANCO DE ALIMENTOS;RUA GENESIO CANGUSSO;veredas;39440-000;Janauba;MG;(38) 38214512;secsocial@janauba.mg.gov.br;nao ha;3;;;;;;;;;;;;;;;;;;;;;;;;;;;;;;;;;;;;;;;;;;;;;;;;;;;;;-1.57933685456824E+16;-4331870555877680
410690;410690;2018;6047;41;4;5;7;1;1;1;21/mar/16;2016;01/mar/16;2344;Banco de Alimentos - Mesa Brasil;"Rua Francisco Parolin, 528
";Parolin;80220-360;Curitiba;PR;(41) 32311850;;https://www.sescpr.com.br/acao-social/mesa-brasil/;1;;;;;;;;;;;;;;;;;;;;;;;;;;99;99;;;;;;;;;;;;1;-;;;;;;;;;;;99;99;-254641413;-49261043
310220;310220;2018;4033;31;3;1;1;0;0;0;;;;2354;Banco de Alimentos de Alvarenga/MG;Praca da Matriz, s/n;Centro;35249-000;Alvarenga;MG;(33) 33281193;roberto.m.dornelas@gmail.com;http://www.alvarenga.mg.gov.br/;3;;;;;;;;;;;;;;;;;;;;;;;;;;;;;;;;;;;;;;;;;;;;;;;;;;;;;-1941691736399240;-4.17293572425842E+16
